CLOSED DATE,OPEID,SCHOOL NAME,LOCATION                                                       ,ADDRESS                                                       ,CITY          ,STATE,ZIP CODE
12/30/2021 ,04101300     ,CAROLINA SCHOOL OF BROADCASTING                                       ,CAROLINA SCHOOL OF BROADCASTING                                       ,3435 PERFORMANCE ROAD                                                  ,CHARLOTTE                ,NC        ,28214-8085
12/24/2021 ,04236700     ,BLUSH SCHOOL OF MAKEUP                                                ,BLUSH SCHOOL OF MAKEUP                                                ,ONE EMBARCADERO CENTER STE R-1206                                      ,SAN FRANCISCO            ,CA        ,94111-3628
12/23/2021 ,00221107     ,SPRINGFIELD COLLEGE                                                   ,SPRINGFIELD COLLEGE - TAMPA CAMPUS                                    ,10117 PRINCESS PALM AVENUE SECOND FLOOR                                ,TAMPA                    ,FL        ,33612-8302
12/20/2021 ,00248402     ,METROPOLITAN COMMUNITY COLLEGE                                        ,METROPOLITAN COMMUNITY COLLEGE - BUSINESS AND TECHNOLOGY              ,6899 EXECUTIVE DRIVE                                                   ,KANSAS CITY              ,MO        ,64120-1313
12/18/2021 ,01072768     ,DEVRY UNIVERSITY                                                      ,DEVRY UNIVERSITY - STOCKBRIDGE                                        ,675 SOUTHCREST PARKWAY SUITE 100                                       ,STOCKBRIDGE              ,GA        ,30281-0000
12/17/2021 ,00381900     ,OHIO VALLEY UNIVERSITY                                                ,OHIO VALLEY UNIVERSITY                                                ,1 CAMPUS VIEW DRIVE                                                    ,VIENNA                   ,WV        ,26105-8000
12/17/2021 ,00535303     ,TENNESSEE COLLEGE OF APPLIED TECHNOLOGY-LIVINGSTON                    ,TENNESSEE COLLEGE OF APPLIED TECHNOLOGY-LIVINGSTON-FITZGERALD COLLISIO,310 OAK HILL ROAD                                                      ,LIVINGSTON               ,TN        ,38570-6266
12/17/2021 ,04148700     ,AMERICAN INSTITUTE OF INTERIOR DESIGN                                 ,AMERICAN INSTITUTE OF INTERIOR DESIGN                                 ,13014 NORTH SAGUARO BOULEVARD SUITE 206                                ,FOUNTAIN HILLS           ,AZ        ,85268-3827
12/17/2021 ,04270101     ,DELTA DESIGNS COSMETOLOGY SCHOOL                                      ,DELTA DESIGNS COSMETOLOGY SCHOOL - WEST MEMPHIS                       ,103 S. AVALON                                                          ,WEST MEMPHIS             ,AR        ,72301-4165
12/13/2021 ,62098861     ,UNIVERSITY OF PHOENIX                                                 ,UNIVERSITY OF PHOENIX - EL CENTRO LEANING CENTER III                  ,3095 NORTH IMPERIAL AVENUE                                             ,EL CENTRO                ,CA        ,92243-0000
12/11/2021 ,00173702     ,NORTHERN ILLINOIS UNIVERSITY                                          ,NORTHERN ILLINOIS UNIVERSITY - HOFFMAN ESTATES                        ,5555 TRILLIUM BLVD                                                     ,HOFFMAN ESTATES          ,IL        ,60192-3405
12/10/2021 ,00132906     ,UNIVERSITY OF THE PACIFIC                                             ,UNIVERSITY OF THE PACIFIC - ORGANIZATION BEHAVIOR                     ,1776 WEST MARCH LANE SUITE 290                                         ,STOCKTON                 ,CA        ,95207-6450
12/10/2021 ,00350209     ,LINCOLN MEMORIAL UNIVERSITY                                           ,LINCOLN MEMORIAL UNIVERSITY - ALCOA CITY CENTER                       ,234 EAST HOWE STREET                                                   ,ALCOA                    ,TN        ,37701-2236
12/10/2021 ,00350211     ,LINCOLN MEMORIAL UNIVERSITY                                           ,LINCOLN MEMORIAL UNIVERSITY - KINGSPORT HIGHER EDUCATION CENTER       ,300 WEST MARKET STREET                                                 ,KINGSPORT                ,TN        ,37660-4216
12/10/2021 ,03072600     ,DCI CAREER INSTITUTE                                                  ,DCI CAREER INSTITUTE                                                  ,366 ROUTE 18 BEAVER VALLEY MALL                                        ,MONACA                   ,PA        ,15061-2307
12/10/2021 ,10252578     ,WILLIAM WOODS UNIVERSITY                                              ,WILLIAM WOODS UNIVERSITY - BLUE SPRINGS                               ,BLUE SPRINGS HIGH SCHOOL 2000 NW ASHTON DRIVE                          ,BLUE SPRINGS             ,MO        ,64015-1769
12/10/2021 ,20252555     ,WILLIAM WOODS UNIVERSITY                                              ,WILLIAM WOODS UNIVERSITY - SIKESTON ST FRANICS XAVIER SCHOOL          ,SIKESTON ST FRANCIS XAVIER SCHOOL 106 N STODDARD ST                    ,SIKESTON                 ,MO        ,63801-4123
12/10/2021 ,20252556     ,WILLIAM WOODS UNIVERSITY                                              ,WILLIAM WOODS UNIVERSITY - SPRINGFIELD EXECUTIVE CONFERENCE CENTER    ,RC EVENTS & CONFERENCE CENTER 910 W BATTLEFIELD RD                     ,SPRINGFIELD              ,MO        ,65807-4130
12/10/2021 ,30252501     ,WILLIAM WOODS UNIVERSITY                                              ,WILLIAM WOODS UNIVERSITY - SMITH-COTTON HIGH SCHOOL                   ,2010 TIGER PRIDE BOULEVARD                                             ,SEDALIA                  ,MO        ,65301-8601
12/07/2021 ,04240600     ,TRI-STATE BARBER COLLEGE                                              ,TRI-STATE BARBER COLLEGE                                              ,2132 WINCHESTER AVENUE                                                 ,ASHLAND                  ,KY        ,41101-7746
12/04/2021 ,01293200     ,TINT SCHOOL OF MAKEUP & COSMETOLOGY                                   ,TINT SCHOOL OF MAKEUP & COSMETOLOGY                                   ,106 LENORA STREET                                                      ,SEATTLE                  ,WA        ,98121-2210
12/02/2021 ,00945915     ,EMPIRE BEAUTY SCHOOL                                                  ,EMPIRE BEAUTY SCHOOL - NW PHOENIX                                     ,2727 WEST GLENDALE AVENUE #200                                         ,PHOENIX                  ,AZ        ,85051-8499
12/01/2021 ,00234717     ,CONCORDIA UNIVERSITY - SAINT PAUL                                     ,CONCORDIA UNIVERSITY - SAINT PAUL- ANOKA MIDDLE SCHOOL                ,ANOKA MIDDLE SCHOOL FOR THE ARTS 1523 5TH AVENUE SOUTH                 ,ANOKA                    ,MN        ,55303-0000
12/01/2021 ,00234718     ,CONCORDIA UNIVERSITY - SAINT PAUL                                     ,CONCORDIA UNIVERSITY - SAINT PAUL - DIAMONDHEAD                       ,DIAMONDHEAD EDUCATION CENTER 200 WEST BURNSVILLE PKWY                  ,BURNSVILLE               ,MN        ,55337-0000
12/01/2021 ,00234740     ,CONCORDIA UNIVERSITY - SAINT PAUL                                     ,CONCORDIA UNIVERSITY - SAINT PAUL - RIDGEWATER COLLEGE                ,2101 15TH AVENUE NORTHWEST                                             ,WILLMAR                  ,MN        ,56201-9999
12/01/2021 ,00234744     ,CONCORDIA UNIVERSITY - SAINT PAUL                                     ,CONCORDIA UNIVERSITY - SAINT PAUL - ANOKA RAMSEY COMMUNITY COLLEGE    ,11200 MISSISSIPPI BOULEVARD NORTHWE                                    ,COON RAPIDS              ,MN        ,55433-3470
12/01/2021 ,00234745     ,CONCORDIA UNIVERSITY - SAINT PAUL                                     ,CONCORDIA UNIVERSITY - SAINT PAUL - ANOKA RAMSEY COMMUNITY COLLEGE    ,300 SPIRIT RIVER DRIVE SOUTH                                           ,CAMBRIDGE                ,MN        ,55008-5704
12/01/2021 ,00234746     ,CONCORDIA UNIVERSITY - SAINT PAUL                                     ,CONCORDIA UNIVERSITY - SAINT PAUL - SOUTH VIEW MIDDLE SCHOOL          ,4725 SOUTH VIEW LANE                                                   ,EDINA                    ,MN        ,55424-9999
12/01/2021 ,00290641     ,APPALACHIAN STATE UNIVERSITY                                          ,APPALACHIAN STATE UNIVERSITY - NC CENTER FOR ENGINEERING TECHNOLOGIES ,1990 MAIN STREET SOUTHEAST                                             ,HICKORY                  ,NC        ,28602-1401
11/22/2021 ,02306804     ,MILLER-MOTTE COLLEGE                                                  ,MILLER-MOTTE COLLEGE PLATT COLLEGE - OKC - MEMORIAL                   ,2727 W. MEMORIAL DRIVE                                                 ,OKLAHOMA CITY            ,OK        ,73134-8034
11/22/2021 ,02306811     ,MILLER-MOTTE COLLEGE                                                  ,MILLER-MOTTE COLLEGE PLATT COLLEGE - LAWTON                           ,111 SOUTHWEST C AVENUE                                                 ,LAWTON                   ,OK        ,73501-4013
11/18/2021 ,03789304     ,UNITECH TRAINING ACADEMY                                              ,UNITECH TRAINING ACADEMY - LAKE CHARLES                               ,2829 4TH AVENUE                                                        ,LAKE CHARLES             ,LA        ,70601-7887
10/31/2021 ,00384211     ,CONCORDIA UNIVERSITY                                                  ,CONCORDIA UNIVERSITY - KENOSHA CENTER                                 ,10222 74TH STREET SUITE 110                                            ,KENOSHA                  ,WI        ,53142-6800
10/29/2021 ,03915300     ,CAREER QUEST LEARNING CENTERS                                         ,CAREER QUEST LEARNING CENTERS                                         ,3215 SOUTH PENNSYLVANIA AVENUE                                         ,LANSING                  ,MI        ,48910-4732
10/29/2021 ,03915301     ,CAREER QUEST LEARNING CENTERS                                         ,CAREER QUEST LEARNING CENTER - JACKSON                                ,209 EAST WASHINGTON AVENUE SUITE 241                                   ,JACKSON                  ,MI        ,49201-2475
10/29/2021 ,03915303     ,CAREER QUEST LEARNING CENTERS                                         ,CAREER QUEST LEARNING CENTER - MT. PLEASANT                           ,2116 SOUTH MISSION STREET                                              ,MOUNT PLEASANT           ,MI        ,48858-4427
10/23/2021 ,01072790     ,DEVRY UNIVERSITY                                                      ,DEVRY UNIVERSITY - PARAMUS                                            ,35 PLAZA OFFICE CENTER 81 EAST ROUTE 4 SUITE 102                       ,PARAMUS                  ,NJ        ,07652-0000
10/17/2021 ,01318900     ,CONTINENTAL ACADEMIE OF HAIR DESIGN                                   ,CONTINENTAL ACADEMIE OF HAIR DESIGN                                   ,102 DERRY STREET                                                       ,HUDSON                   ,NH        ,03051-3754
10/15/2021 ,02306805     ,MILLER-MOTTE COLLEGE                                                  ,MILLER-MOTTE COLLEGE PLATT COLLEGE - MOORE                            ,201 NORTH EASTERN                                                      ,MOORE                    ,OK        ,73160-6917
10/08/2021 ,02572000     ,VISTA COLLEGE                                                         ,VISTA COLLEGE                                                         ,6101 MONTANA AVENUE                                                    ,EL PASO                  ,TX        ,79925-2021
10/08/2021 ,02572002     ,VISTA COLLEGE                                                         ,VISTA COLLEGE - EL PASO                                               ,7731 NORTH LOOP                                                        ,EL PASO                  ,TX        ,79915-2929
10/08/2021 ,02572003     ,VISTA COLLEGE                                                         ,COMPUTER CAREER CENTER - A DIVISION OF VISTA COLLEGE                  ,850 NORTH TELSHOR SUITE K                                              ,LAS CRUCES               ,NM        ,88011-8220
10/08/2021 ,02572007     ,VISTA COLLEGE                                                         ,VISTA COLLEGE - EL PASO                                               ,5919 BROOKHOLLOW                                                       ,EL PASO                  ,TX        ,79925-1810
10/08/2021 ,02572008     ,VISTA COLLEGE                                                         ,VISTA COLLEGE - BEAUMONT                                              ,3871 STAGG DRIVE SUITE 194                                             ,BEAUMONT                 ,TX        ,77701-3717
10/08/2021 ,02572009     ,VISTA COLLEGE                                                         ,VISTA COLLEGE - LONGVIEW                                              ,1905 WEST LOOP 281 SUITE 21                                            ,LONGVIEW                 ,TX        ,75604-1905
10/08/2021 ,02572011     ,VISTA COLLEGE                                                         ,VISTA COLLEGE - KILLEEN                                               ,1001 SOUTH FORT HOOD STREET                                            ,KILLEEN                  ,TX        ,76541-7436
10/08/2021 ,02572012     ,VISTA COLLEGE                                                         ,VISTA COLLEGE - COLLEGE STATION                                       ,2704 TEXAS AVENUE SOUTH                                                ,COLLEGE STATION          ,TX        ,77840-5107
10/08/2021 ,02572013     ,VISTA COLLEGE                                                         ,VISTA COLLEGE - FT. SMITH                                             ,1200 SOUTH WALDRON ROAD                                                ,FT. SMITH                ,AR        ,72903-2629
10/08/2021 ,02572800     ,VISTA COLLEGE                                                         ,VISTA COLLEGE                                                         ,300 NORTH COIT ROAD SUITE 300                                          ,RICHARDSON               ,TX        ,75080-0000
10/08/2021 ,02572801     ,VISTA COLLEGE                                                         ,VISTA COLLEGE - CLEARFIELD                                            ,1785 EAST 1450 SOUTH SUITE 300                                         ,CLEARFIELD               ,UT        ,84015-0000
10/01/2021 ,02528300     ,TDDS TECHNICAL INSTITUTE                                              ,TDDS TECHNICAL INSTITUTE                                              ,1688 NORTH PRICETOWN ROAD SR 534                                       ,LAKE MILTON              ,OH        ,44429-9626
09/30/2021 ,00384212     ,CONCORDIA UNIVERSITY                                                  ,CONCORDIA UNIVERSITY - GREEN BAY CENTER                               ,1150 SPRINGHURST DRIVE SUITE 101                                       ,GREEN BAY                ,WI        ,54304-5950
09/30/2021 ,03538300     ,ALEXANDRIA SCHOOL OF SCIENTIFIC THERAPEUTICS                          ,ALEXANDRIA SCHOOL OF SCIENTIFIC THERAPEUTICS                          ,809 SOUTH HARRISON STREET                                              ,ALEXANDRIA               ,IN        ,46001-0287
09/28/2021 ,52098839     ,UNIVERSITY OF PHOENIX                                                 ,UNIVERSITY OF PHOENIX - MODESTO LEARNING CENTER - SALIDA (LC)         ,5330 PIRRONE ROAD                                                      ,SALIDA                   ,CA        ,95368-9090
09/20/2021 ,01111203     ,FASHION INSTITUTE OF DESIGN & MERCHANDISING                           ,FASHION INSTITUTE OF DESIGN & MERCHANDISING - ORANGE COUNTY           ,17590 GILLETTE AVENUE                                                  ,IRVINE                   ,CA        ,92614-5610
09/16/2021 ,02104402     ,SPA TECH INSTITUTE                                                    ,SPA TECH INSTITUTE - IPSWICH                                          ,126 HIGH STREET                                                        ,IPSWICH                  ,MA        ,01938-1246
09/16/2021 ,04208905     ,ADVANCED CAREER INSTITUTE                                             ,ADVANCED CAREER INSTITUTE - VISALIA                                   ,8425 WEST ELOWIN COURT                                                 ,VISALIA                  ,CA        ,93291-9254
09/10/2021 ,00172272     ,MCKENDREE UNIVERSITY                                                  ,MCKENDREE UNIVERSITY - DUQUOIN ELEMENTARY SCHOOL                      ,845 EAST JACKSON STREET                                                ,DUQUOIN                  ,IL        ,62832-3871
09/10/2021 ,00172273     ,MCKENDREE UNIVERSITY                                                  ,MCKENDREE UNIVERSITY - BENTON HIGH SCHOOL                             ,511 E. MAIN STREET                                                     ,BENTON                   ,IL        ,62812-2597
09/10/2021 ,03115900     ,TRINITY COLLEGE OF PUERTO RICO                                        ,TRINITY COLLEGE OF PUERTO RICO                                        ,834 HOSTOS AVENUE                                                      ,PONCE                    ,PR        ,00716-1111
09/10/2021 ,04134000     ,JOHN PAOLO'S XTREME BEAUTY INSTITUTE GOLDWELL PRODUCTS ARTISTRY       ,JOHN PAOLO'S XTREME BEAUTY INSTITUTE GOLDWELL PRODUCTS ARTISTRY       ,426 GEYSER ROAD                                                        ,BALLSTON SPA             ,NY        ,12020-3021
09/09/2021 ,03763400     ,BOLD BEAUTY ACADEMY                                                   ,BOLD BEAUTY ACADEMY                                                   ,928 BROADWATER AVENUE SUITE C                                          ,BILLINGS                 ,MT        ,59101-0000
09/03/2021 ,00121815     ,LOMA LINDA UNIVERSITY                                                 ,LOMA LINDA UNIVERSITY - RIVERSIDE COUNTY INNOVATION CENTER            ,3450 14TH STREET                                                       ,RIVERSIDE                ,CA        ,92501-3862
09/03/2021 ,00359907     ,UNIVERSITY OF TEXAS RIO GRANDE VALLEY                                 ,UNIVERSITY OF TEXAS RIO GRANDE VALLEY - WESLACO                       ,307 E. RAILROAD AVENUE                                                 ,WESLACO                  ,TX        ,78596-0000
09/01/2021 ,00355707     ,CONCORDIA UNIVERSITY TEXAS                                            ,CONCORDIA UNIVERSITY TEXAS - LUTHERAN SOUTH ACADEMY                   ,12555 RYEWATER                                                         ,HOUSTON                  ,TX        ,77089-6625
08/31/2021 ,00212300     ,BECKER COLLEGE                                                        ,BECKER COLLEGE                                                        ,61 SEVER STREET                                                        ,WORCESTER                ,MA        ,16909-2195
08/31/2021 ,00212301     ,BECKER COLLEGE                                                        ,BECKER COLLEGE - LEICESTER SITE                                       ,3 PAXTON STREET                                                        ,LEICESTER                ,MA        ,01524-1197
08/31/2021 ,00257506     ,FRANKLIN PIERCE UNIVERSITY                                            ,FRANKLIN PIERCE UNIVERSITY-PORTSMOUTH CENTER                          ,119 INTERNATIONAL DRIVE                                                ,PORTSMOUTH               ,NH        ,03801-3060
08/31/2021 ,00258011     ,SOUTHERN NEW HAMPSHIRE UNIVERSITY                                     ,SOUTHERN NEW HAMPSHIRE UNIVERSITY - SALEM CENTER                      ,25 PELHAM RD ANANDA BUILDING                                           ,SALEM                    ,NH        ,03079-2840
08/31/2021 ,00270900     ,CONCORDIA COLLEGE                                                     ,CONCORDIA COLLEGE                                                     ,171 WHITE PLAINS ROAD                                                  ,BRONXVILLE               ,NY        ,10708-1998
08/31/2021 ,00359902     ,UNIVERSITY OF TEXAS RIO GRANDE VALLEY                                 ,UNIVERSITY OF TEXAS RIO GRANDE VALLEY - MCALLEN                       ,1800 SOUTH MAIN STREET SUITE 1100                                      ,MCALLEN                  ,TX        ,78501-5444
08/31/2021 ,01262701     ,THOMAS M. COOLEY LAW SCHOOL                                           ,THOMAS M. COOLEY LAW SCHOOL - GRAND RAPIDS                            ,111 COMMERCE STREET SW                                                 ,GRAND RAPIDS             ,MI        ,49503-4116
08/30/2021 ,00499903     ,BELLINGHAM TECHNICAL COLLEGE                                          ,BELLINGHAM TECHNICAL COLLEGE - RAILROAD                               ,1411 RAILROAD AVENUE                                                   ,BELLINGHAM               ,WA        ,98225-4526
08/28/2021 ,01072757     ,DEVRY UNIVERSITY                                                      ,DEVRY UNIVERSITY - CLEVELAND II                                       ,4141 ROCKSIDE ROAD SUITE 110                                           ,SEVEN HILLS              ,OH        ,44131-2537
08/27/2021 ,00301225     ,ASHLAND UNIVERSITY                                                    ,ASHLAND UNIVERSITY - CLEVELAND CENTER (SEMINARY)                      ,6500 ROCKSIDE ROAD SUITE 130                                           ,INDEPENDENCE             ,OH        ,44131-2368
08/26/2021 ,00530705     ,TENNESSEE COLLEGE OF APPLIED TECHNOLOGY--MCMINNVILLE                  ,TENNESSEE COLLEGE OF APPLIED TECHNOLOGY--MCMINNVILLE                  ,199 PIONEER LANE                                                       ,MCMINNVILLE              ,TN        ,37110-1322
08/26/2021 ,04255600     ,INTERNATIONAL DIVING INSTITUTE                                        ,INTERNATIONAL DIVING INSTITUTE                                        ,2340 AVENUE F                                                          ,N CHARLESTON             ,SC        ,29405-9914
08/20/2021 ,00380205     ,WESTERN WASHINGTON UNIVERSITY                                         ,WESTERN WASHINGTON UNIVERSITY - NORTH SEATTLE COMMUNITY COLLEGE       ,9600 COLLEGE WAY NORTH COLLEGE CENTER BUILDING 1254                    ,SEATTLE                  ,WA        ,98103-3599
08/20/2021 ,00380216     ,WESTERN WASHINGTON UNIVERSITY                                         ,WESTERN WASHINGTON UNIVERSITY - TACOMA PROFESSIONAL DEVELOPMENT CENTER,601 SOUTH 8TH STREET TACOMA SCHOOL DISTRICT                            ,TACOMA                   ,WA        ,98401-1357
08/20/2021 ,02079409     ,EMPIRE BEAUTY SCHOOL                                                  ,EMPIRE BEAUTY SCHOOL - SOUTH MEMPHIS                                  ,804 SOUTH HIGHLAND                                                     ,MEMPHIS                  ,TN        ,38111-4253
08/19/2021 ,00225101     ,DELTA COLLEGE                                                         ,DELTA COLLEGE - MIDLAND                                               ,MIDLAND CENTER 1025 EAST WHEELER CENTER                                ,MIDLAND                  ,MI        ,48640-3098
08/17/2021 ,00297617     ,UNIVERSITY OF NORTH CAROLINA -GREENSBORO                              ,UNIVERSITY OF NORTH CAROLINA -GREENSBORO - MOSS STREET PARTNERSHIP    ,MOSS STREET PARTNERSHIP SCHOOL 419 MOSS STREET                         ,REIDSVILLE               ,NC        ,27320-3439
08/15/2021 ,00318450     ,UNIVERSITY OF OKLAHOMA                                                ,UNIVERSITY OF OKLAHOMA - HURLBURT FIELD                               ,UNIVERSITY OF OKLAHOMA AT HURLBURT FIELD                               ,HURLBURT FIELD           ,FL        ,32544-5272
08/15/2021 ,00365202     ,UNIVERSITY OF HOUSTON                                                 ,UNIVERSITY OF HOUSTON - CYPRESS FAIRBANKS                             ,10300 JONES ROAD                                                       ,HOUSTON                  ,TX        ,77065-4208
08/15/2021 ,10252125     ,WEBSTER UNIVERSITY                                                    ,WEBSTER UNIVERSITY - JOINT BASE MYER-HENDERSON HALL                   ,1555 SOUTHGATE ROAD BUILDING 29 ROOM 108                               ,ARLINGTON                ,VA        ,22214-5001
08/13/2021 ,00391946     ,UNIVERSITY OF WISCONSIN - LACROSSE                                    ,UNIVERSITY OF WISCONSIN - LACROSSE - HOTEL J GREEN BAY                ,2620 SOUTH PACKERLAND DRIVE                                            ,GREEN BAY                ,WI        ,54313-6145
08/13/2021 ,00391950     ,UNIVERSITY OF WISCONSIN - LACROSSE                                    ,UNIVERSITY OF WISCONSIN - LACROSSE - BETHEL HORIZONS                  ,312 WISCONSIN AVENUE                                                   ,MADISON                  ,WI        ,53703-2103
08/13/2021 ,00391951     ,UNIVERSITY OF WISCONSIN - LACROSSE                                    ,UNIVERSITY OF WISCONSIN - LACROSSE - NORTH WOODS INTERNATIONAL SCHOOL ,2541 SABLEWOOD ROAD                                                    ,LA CROSSE                ,WI        ,54601-2994
08/10/2021 ,01028630     ,SUNY EMPIRE STATE COLLEGE                                             ,SUNY EMPIRE STATE COLLEGE - HAUPPAUGE                                 ,ROOM 1A11 NYS OFFICE BLDG. 250 VETERANS MEMORIAL HIGHWAY               ,HAUPPAUGE                ,NY        ,11788-5539
08/09/2021 ,82098880     ,UNIVERSITY OF PHOENIX                                                 ,UNIVERSITY OF PHOENIX - JERSEY CITY STUDENT RESOURCE CENTER           ,88 TOWN SQUARE PLACE                                                   ,JERSEY CITY              ,NJ        ,07310-2772
08/07/2021 ,00739402     ,BERKELEY COLLEGE                                                      ,BERKELEY COLLEGE  -  WESTCHESTER CAMPUS                               ,99 CHURCH STREET                                                       ,WHITE PLAINS             ,NY        ,10601-9963
08/07/2021 ,00904300     ,ELMIRA BUSINESS INSTITUTE                                             ,ELMIRA BUSINESS INSTITUTE                                             ,4100 OLD VESTAL ROAD VESTAL EXECUTIVE PARK                             ,VESTAL                   ,NY        ,13850-3555
08/04/2021 ,01028607     ,SUNY EMPIRE STATE COLLEGE                                             ,SUNY EMPIRE STATE COLLEGE - NORTHEAST CENTER                          ,21 BRITISH AMERICAN BOULEVARD                                          ,LATHAM                   ,NY        ,12110-1405
08/04/2021 ,01028628     ,SUNY EMPIRE STATE COLLEGE                                             ,SUNY EMPIRE STATE COLLEGE - SUFFERN                                   ,ESC @ ROCKLAND COMMUNITY COLLEGE 145 COLLEGE ROAD                      ,SUFFERN                  ,NY        ,10901-3620
08/01/2021 ,00367400     ,INDEPENDENCE UNIVERSITY                                               ,INDEPENDENCE UNIVERSITY                                               ,1350 WEST 1890 SOUTH                                                   ,WEST HAVEN               ,UT        ,84401-1420
08/01/2021 ,00367403     ,INDEPENDENCE UNIVERSITY                                               ,STEVENS HENAGER COLLEGE-SALT LAKE CITY                                ,383 WEST VINE STREET                                                   ,MURRAY                   ,UT        ,84123-5671
08/01/2021 ,00367406     ,INDEPENDENCE UNIVERSITY                                               ,STEVENS HENAGER COLLEGE - BOISE ID                                    ,1444 ENTERTAINMENT AVENUE                                              ,BOISE                    ,ID        ,83709-6733
08/01/2021 ,00367407     ,INDEPENDENCE UNIVERSITY                                               ,STEVENS HENAGER COLLEGE - LAYTON CAMPUS                               ,1660 WEST ANTELOPE DRIVE                                               ,LAYTON                   ,UT        ,84041-1156
08/01/2021 ,00367409     ,INDEPENDENCE UNIVERSITY                                               ,STEVENS HENAGER COLLEGE - INDEPENDENCE UNIVERSITY                     ,4021 SOUTH 700 EAST SUITE 400                                          ,SALT LAKE CITY           ,UT        ,84107-4719
08/01/2021 ,00549818     ,WICHITA STATE UNIVERSITY CAMPUS OF APPLIED SCIENCES AND TECHNOLOGY    ,WICHITA STATE UNIVERSITY CAMPUS OF APPLIED SCIENCES AND TECHNOLOGY-WES,3801 N WALKER AVENUE                                                   ,MAIZE                    ,KS        ,67101-0000
08/01/2021 ,02110800     ,CALIFORNIA COLLEGE SAN DIEGO                                          ,CALIFORNIA COLLEGE SAN DIEGO                                          ,700 BAY MARINA DRIVE                                                   ,NATIONAL CITY            ,CA        ,91950-7924
08/01/2021 ,02110802     ,CALIFORNIA COLLEGE SAN DIEGO                                          ,CALIFORNIA COLLEGE SAN DIEGO - SAN MARCOS                             ,277 RANCHEROS DRIVE SUITE 200                                          ,SAN MARCOS               ,CA        ,92069-2971
08/01/2021 ,02110803     ,CALIFORNIA COLLEGE SAN DIEGO                                          ,CALIFORNIA COLLEGE SAN DIEGO - COLLEGEAMERICA - PHOENIX               ,9801 NORTH METRO PARKWAY EAST                                          ,PHOENIX                  ,AZ        ,85051-1513
08/01/2021 ,02110804     ,CALIFORNIA COLLEGE SAN DIEGO                                          ,CALIFORNIA COLLEGE SAN DIEGO                                          ,6602 CONVOY COURT SUITE 100                                            ,SAN DIEGO                ,CA        ,92111-1009
08/01/2021 ,02578000     ,SANTA BARBARA BUSINESS COLLEGE                                        ,SANTA BARBARA BUSINESS COLLEGE                                        ,303 EAST PLAZA DRIVE                                                   ,SANTA MARIA              ,CA        ,93454-6943
07/31/2021 ,00102300     ,JUDSON COLLEGE                                                        ,JUDSON COLLEGE                                                        ,302 BIBB STREET                                                        ,MARION                   ,AL        ,36756-2504
07/31/2021 ,00155609     ,BRENAU UNIVERSITY                                                     ,BRENAU UNIVERSITY - JACKSONVILLE FLORIDA CAMPUS                       ,BANK OF AMERICA PLAZA 6622 SOUTHPOINT DRIVE S                          ,JACKSONVILLE             ,FL        ,32216-8093
07/30/2021 ,00190610     ,BUTLER COUNTY COMMUNITY COLLEGE                                       ,BUTLER COUNTY COMMUNITY COLLEGE - HOSPITALITY MANAGEMENT              ,BOSTON REC 6655 E ZIMMERLY                                             ,WICHITA                  ,KS        ,67207-2850
07/30/2021 ,02178900     ,JOLIE HEALTH AND BEAUTY ACADEMY                                       ,JOLIE HEALTH AND BEAUTY ACADEMY                                       ,1057A NORTH CHURCH STREET                                              ,HAZLETON                 ,PA        ,18202-1465
07/30/2021 ,02178901     ,JOLIE HEALTH AND BEAUTY ACADEMY                                       ,JOLIE HEALTH AND BEAUTY ACADEMY - NORTHFIELD                          ,801 TILTON ROAD                                                        ,NORTHFIELD               ,NJ        ,08225-1265
07/30/2021 ,02178902     ,JOLIE HEALTH AND BEAUTY ACADEMY                                       ,JOLIE HEALTH AND BEAUTY ACADEMY - CHERRY HILL                         ,1400  BERLIN ROAD WOODCREST SHOPPING CENTER STE 100                    ,CHERRY HILL              ,NJ        ,08003-3652
07/30/2021 ,02275801     ,MR. LEON'S SCHOOL OF HAIR DESIGN                                      ,MR. LEON'S SCHOOL OF HAIR DESIGN                                      ,205 10TH STREET                                                        ,LEWISTON                 ,ID        ,83501-1910
07/30/2021 ,02289700     ,JOLIE HEALTH AND BEAUTY ACADEMY                                       ,JOLIE HEALTH AND BEAUTY ACADEMY                                       ,125 NORTH WILKES BARRE BOULEVARD                                       ,WILKES BARRE             ,PA        ,18702-5354
07/30/2021 ,02289701     ,JOLIE HEALTH AND BEAUTY ACADEMY                                       ,JOLIE HEALTH AND BEAUTY ACADEMY - TURNERSVILLE                        ,5200 ROUTE 42 GANTTOWN PLAZA                                           ,TURNERSVILLE             ,NJ        ,08012-1760
07/30/2021 ,03374300     ,FLORIDA COASTAL SCHOOL OF LAW                                         ,FLORIDA COASTAL SCHOOL OF LAW                                         ,8787 BAYPINE ROAD                                                      ,JACKSONVILLE             ,FL        ,32256-8528
07/21/2021 ,02522802     ,FOX COLLEGE                                                           ,FOX COLLEGE                                                           ,6640 S. CICERO                                                         ,BEDFORD PARK             ,IL        ,60638-1999
07/21/2021 ,03164300     ,CREATIVE CENTER (THE)                                                 ,CREATIVE CENTER (THE)                                                 ,10850 EMMET STREET                                                     ,OMAHA                    ,NE        ,68164-2911
07/12/2021 ,00392006     ,UNIVERSITY OF WISCONSIN - OSHKOSH                                     ,UNIVERSITY OF WISCONSIN - OSHKOSH - LAKESHORE TECHNICAL COLLEGE       ,1290 NORTH AVENUE                                                      ,CLEVELAND                ,WI        ,53015-0000
07/12/2021 ,00392010     ,UNIVERSITY OF WISCONSIN - OSHKOSH                                     ,UNIVERSITY OF WISCONSIN - OSHKOSH - NORTHCENTRAL TECHNICAL COLLEGE    ,1000 WEST  CAMPUS DRIVE                                                ,WAUSAU                   ,WI        ,54401-0000
07/12/2021 ,00392015     ,UNIVERSITY OF WISCONSIN - OSHKOSH                                     ,UNIVERSITY OF WISCONSIN - OSHKOSH - UW COLLEGE MANITOWOC              ,705 VIEBAHN STREET                                                     ,MANITOWOC                ,WI        ,54220-6699
07/12/2021 ,00392016     ,UNIVERSITY OF WISCONSIN - OSHKOSH                                     ,UNIVERSITY OF WISCONSIN - OSHKOSH - UW COLLEGE MARATHON COUNTY        ,518 SOUTH 7TH AVENUE                                                   ,WAUSAU                   ,WI        ,54401-0000
07/12/2021 ,00392019     ,UNIVERSITY OF WISCONSIN - OSHKOSH                                     ,UNIVERSITY OF WISCONSIN - OSHKOSH - UW COLLEGEWASHINGTON COUNTY       ,400 UNIVERSITY DRIVE                                                   ,WEST BEND                ,WI        ,53095-0000
07/12/2021 ,00392020     ,UNIVERSITY OF WISCONSIN - OSHKOSH                                     ,UNIVERSITY OF WISCONSIN - OSHKOSH - UW COLLEGE WAUKESHA COUNTY        ,1500 NORTH UNIVERSITY DRIVE                                            ,WAUKESHA                 ,WI        ,53188-0000
07/12/2021 ,00392025     ,UNIVERSITY OF WISCONSIN - OSHKOSH                                     ,UNIVERSITY OF WISCONSIN - OSHKOSH - WIND RIVER                        ,533 ETHETE ROAD                                                        ,ETHETE                   ,WY        ,82520-0000
07/12/2021 ,00392026     ,UNIVERSITY OF WISCONSIN - OSHKOSH                                     ,UNIVERSITY OF WISCONSIN - OSHKOSH - WIND RIVER INSTITUTE              ,3 ETHETE ROAD                                                          ,FORT WASHAKIE            ,WY        ,82514-0000
07/12/2021 ,00392030     ,UNIVERSITY OF WISCONSIN - OSHKOSH                                     ,UNIVERSITY OF WISCONSIN - OSHKOSH - BADGER MIDDLE SCHOOL              ,727 6TH AVENUE                                                         ,WEST BEND                ,WI        ,53095-0000
07/12/2021 ,00392042     ,UNIVERSITY OF WISCONSIN - OSHKOSH                                     ,UNIVERSITY OF WISCONSIN - OSHKOSH - APPLETON NORTH HIGH SCHOOL        ,5000 NORTH BALLARD ROAD                                                ,APPLETON                 ,WI        ,54913-0000
07/12/2021 ,00392043     ,UNIVERSITY OF WISCONSIN - OSHKOSH                                     ,UNIVERSITY OF WISCONSIN - OSHKOSH - COOPERATIVE EDUCATIONAL SERVICE AG,223 WEST PARK STREET                                                   ,GILLETT                  ,WI        ,54125-9414
07/12/2021 ,00392054     ,UNIVERSITY OF WISCONSIN - OSHKOSH                                     ,UNIVERSITY OF WISCONSIN - OSHKOSH - STEVENS POINT AREA SENIOR HIGH    ,1201 NORTH POINT DRIVE                                                 ,STEVENS POINT            ,WI        ,54481-1114
07/12/2021 ,00392056     ,UNIVERSITY OF WISCONSIN - OSHKOSH                                     ,UNIVERSITY OF WISCONSIN - OSHKOSH - JANESVILLE PUBLIC SCHOOLS         ,527 SOUTH FRANKLIN STREET                                              ,JANESVILLE               ,WI        ,53548-4997
07/12/2021 ,00392058     ,UNIVERSITY OF WISCONSIN - OSHKOSH                                     ,UNIVERSITY OF WISCONSIN - OSHKOSH - NEW LONDON HIGH SCHOOL            ,1700 KLATT ROAD                                                        ,NEW LONDON               ,WI        ,54961-8603
07/12/2021 ,00392059     ,UNIVERSITY OF WISCONSIN - OSHKOSH                                     ,UNIVERSITY OF WISCONSIN - OSHKOSH - JANESVILLE PUBLIC SCHOOLS         ,527 SOUTH FRANKLIN STREET                                              ,JANESVILLE               ,WI        ,53548-4778
07/08/2021 ,02510300     ,BEAUTY TECHNICAL COLLEGE                                              ,BEAUTY TECHNICAL COLLEGE                                              ,605 EAST DOWNING STREET                                                ,TAHLEQUAH                ,OK        ,74465-1506
07/06/2021 ,00252192     ,WEBSTER UNIVERSITY                                                    ,WEBSTER UNIVERSITY -  GREAT LAKES NAVAL BASE                          ,BLDG 617 ROOM 201 2221 MACDONOUGH STREET                               ,GREAT LAKES              ,IL        ,60088-0000
07/06/2021 ,62098842     ,UNIVERSITY OF PHOENIX                                                 ,UNIVERSITY OF PHOENIX - RESOURCE CENTER AT ARLINGTON HIGHLANDS        ,3900 ARLINGTON HIGHLANDS BOULEVARD                                     ,ARLINGTON                ,TX        ,76018-6038
07/01/2021 ,00346110     ,DAKOTA WESLEYAN UNIVERSITY                                            ,DAKOTA WESLEYAN UNIVERSITY - LSS CAMPUS ON EAST BANK                  ,300 EAST 6TH STREET                                                    ,SIOUX FALLS              ,SD        ,57103-0000
06/30/2021 ,00132807     ,UNIVERSITY OF SOUTHERN CALIFORNIA                                     ,UNIVERSITY OF SOUTHERN CALIFORNIA - ORANGE COUNTY CENTER              ,2300 MICHELSON DRIVE                                                   ,IRVINE                   ,CA        ,92612-1351
06/30/2021 ,00162315     ,NORTH IDAHO COLLEGE                                                   ,NORTH IDAHO COLLEGE - AEROSPACE LOCATION                              ,1845 WEST DAKOTA AVENUE                                                ,HAYDEN                   ,ID        ,83835-0000
06/30/2021 ,00178400     ,ANCILLA DOMINI COLLEGE                                                ,ANCILLA DOMINI COLLEGE                                                ,9601 SOUTH UNION ROAD PO BOX 1                                         ,DONALDSON                ,IN        ,46513-0001
06/30/2021 ,00407283     ,NORTHWOOD UNIVERSITY                                                  ,NORTHWOOD UNIVERSITY - ARLINGTON                                      ,2525 E. ABRAM STREET                                                   ,ARLINGTON                ,TX        ,76010-1346
06/30/2021 ,00407284     ,NORTHWOOD UNIVERSITY                                                  ,NORTHWOOD UNIVERSITY - UPS DALLAS                                     ,2925 MERRELL ROAD                                                      ,DALLAS                   ,TX        ,75229-4905
06/30/2021 ,00407286     ,NORTHWOOD UNIVERSITY                                                  ,NORTHWOOD UNIVERSITY - TEXAS PROGRAM CENTER                           ,207 N. CANNADY DRIVE                                                   ,CEDAR HILL               ,TX        ,75104-0058
06/30/2021 ,00407287     ,NORTHWOOD UNIVERSITY                                                  ,NORTHWOOD UNIVERSITY - UPS INDEPENDENCE PROGRAM CENTER                ,13700 INDEPENDENCE PARKWAY                                             ,FORT WORTH               ,TX        ,76177-4002
06/30/2021 ,00407288     ,NORTHWOOD UNIVERSITY                                                  ,NORTHWOOD UNIVERSITY - UPS SWEETWATER PROGRAM CENTER                  ,8330 SWEETWATER LANE                                                   ,HOUSTON                  ,TX        ,77038-3616
06/30/2021 ,01014220     ,TOURO COLLEGE                                                         ,TOURO COLLEGE - SCHOOL OF HEALTH SCIENCES BAY SHORE                   ,1700 UNION BOULEVARD                                                   ,BAY SHORE                ,NY        ,11706-0000
06/30/2021 ,03032500     ,ALABAMA STATE COLLEGE OF BARBER STYLING                               ,ALABAMA STATE COLLEGE OF BARBER STYLING                               ,753 MAIN STREET                                                        ,GARDENDALE               ,AL        ,35071-4615
06/30/2021 ,03237300     ,ANSON COLLEGE OF COSMETOLOGY                                          ,ANSON COLLEGE OF COSMETOLOGY                                          ,1217 EAST CASWELL STREET                                               ,WADESBORO                ,NC        ,28170-2147
06/30/2021 ,03237301     ,ANSON COLLEGE OF COSMETOLOGY                                          ,ANSON COLLEGE OF COSMETOLOGY - ACC & BARBERING NOGREASE BARBER COLLEGE,3731 NORTH SHARON AMITY ROAD                                           ,CHARLOTTE                ,NC        ,28205-5815
06/29/2021 ,10252105     ,WEBSTER UNIVERSITY                                                    ,WEBSTER UNIVERSITY - SOUTHERN MARYLAND HIGHER EDUCATION CENTER        ,44219 AIRPORT ROAD                                                     ,CALIFORNIA               ,MD        ,20619-2010
06/29/2021 ,10252129     ,WEBSTER UNIVERSITY                                                    ,WEBSTER UNIVERSITY - UNIVERSITY CENTER OF LAKE COUNTY                 ,1200 UNIVERSITY CENTER DRIVE                                           ,GREYSLAKE                ,IL        ,60030-0000
06/29/2021 ,12098875     ,UNIVERSITY OF PHOENIX                                                 ,UNIVERSITY OF PHOENIX - LIVERMORE LEARNING CENTER (LC)                ,2481 CONSTITUTION DRIVE                                                ,LIVERMORE                ,CA        ,94551-7573
06/28/2021 ,00190916     ,CLOUD COUNTY COMMUNITY COLLEGE                                        ,CLOUD COUNTY COMMUNITY COLLEGE - WIND ENERGY TECHNOLOGY               ,1530 LINCOLN STREET                                                    ,CONCORDIA                ,KS        ,66901-4830
06/26/2021 ,01072733     ,DEVRY UNIVERSITY                                                      ,DEVRY UNIVERSITY - MERRILLVILLE                                       ,8488 GEORGIA ST.                                                       ,MERRILLVILLE             ,IN        ,46410-1735
06/26/2021 ,01072771     ,DEVRY UNIVERSITY                                                      ,DEVRY UNIVERSITY - RALEIGH                                            ,555 FAYETTEVILLE STREET SUITE 300                                      ,RALEIGH                  ,NC        ,27601-0000
06/25/2021 ,00946410     ,TENNESSEE COLLEGE OF APPLIED TECHNOLOGY-PULASKI                       ,TENNESSEE COLLEGE OF APPLIED TECHNOLOGY-PULASKI - NORTHFIELD INSTRUCTI,5000 NORTHFIELD LANE                                                   ,SPRING HILL              ,TN        ,37174-2492
06/24/2021 ,01050305     ,WICHITA TECHNICAL INSTITUTE                                           ,WICHITA TECHNICAL INSTITUTE - EAST CAMPUS                             ,6130 E. CENTRAL                                                        ,WICHITA                  ,KS        ,67208-4243
06/24/2021 ,02117303     ,GREAT OAKS CAREER CAMPUSES-SCARLET OAKS                               ,GREAT OAKS CAREER CAMPUSES - LIVE OAKS CAREER CAMPUS                  ,5956 BUCKWHEAT ROAD                                                    ,MILFORD                  ,OH        ,45150-2238
06/21/2021 ,00226620     ,CORNERSTONE UNIVERSITY                                                ,CORNERSTONE UNIVERSITY - KALAMAZOO WPOP                               ,WEST POINTE OFFICE PARK 1080 NORTH 10TH STREET                         ,KALAMAZOO                ,MI        ,49009-6113
06/20/2021 ,01111202     ,FASHION INSTITUTE OF DESIGN & MERCHANDISING                           ,FASHION INSTITUTE OF DESIGN & MERCHANDISING - SAN FRANCISCO           ,55 STOCKTON STREET                                                     ,SAN FRANCISCO            ,CA        ,94108-5829
06/18/2021 ,04246000     ,MICHAEL K. GALVIN BEAUTY & BUSINESS ACADEMY                           ,MICHAEL K. GALVIN BEAUTY & BUSINESS ACADEMY                           ,379 ATWOOD AVENUE                                                      ,CRANSTON                 ,RI        ,02920-0000
06/12/2021 ,03751302     ,ESCUELA HOTELERA DE SAN JUAN                                          ,ESCUELA HOTELERA DE SAN JUAN - MAYAGUEZ                               ,ED.ROCHELAIS CTRINGENIO ST #101                                        ,MAYAGUEZ                 ,PR        ,00682-1392
06/10/2021 ,12098835     ,UNIVERSITY OF PHOENIX                                                 ,UNIVERSITY OF PHOENIX - SOUTHERN ARIZONA CAMPUS (C)                   ,300 S. CRAYCROFT ROAD                                                  ,TUCSON                   ,AZ        ,85711-4574
06/07/2021 ,00226104     ,CHARLES STEWART MOTT COMMUNITY COLLEGE                                ,CHARLES STEWART MOTT COMMUNITY COLLEGE - LIVINGSTON                   ,LIVINGSTON REGIONAL CENTER 1240 PACKARD DRIVE                          ,HOWELL                   ,MI        ,48843-7339
06/07/2021 ,00371902     ,LONGWOOD UNIVERSITY                                                   ,LONGWOOD UNIVERSITY - POWHATAN HIGH SCHOOL                            ,1800 JUDES FERRY ROAD                                                  ,POWHATAN                 ,VA        ,23139-6201
06/04/2021 ,00299217     ,UNIVERSITY OF MARY                                                    ,UNIVERSITY OF MARY - FT. RILEY                                        ,BUILDING 211 CUSTER AVENUE                                             ,FT. RILEY                ,KS        ,66442-4019
06/04/2021 ,03052000     ,MEREDITH MANOR INTERNATIONAL EQUESTRIAN CENTRE                        ,MEREDITH MANOR INTERNATIONAL EQUESTRIAN CENTRE                        ,147 SADDLE LANE                                                        ,WAVERLY                  ,WV        ,26184-9707
06/03/2021 ,02567600     ,SUMTER BEAUTY COLLEGE                                                 ,SUMTER BEAUTY COLLEGE                                                 ,921 CAROLINA AVENUE                                                    ,SUMTER                   ,SC        ,29150-2871
06/01/2021 ,00282200     ,CHRIST THE KING SEMINARY                                              ,CHRIST THE KING SEMINARY                                              ,711 KNOX ROAD                                                          ,EAST AURORA              ,NY        ,14052-0607
05/31/2021 ,00460859     ,BARTON COUNTY COMMUNITY COLLEGE                                       ,BARTON COUNTY COMMUNITY COLLEGE - GOODLAND                            ,1006 CENTER STREET                                                     ,GOODLAND                 ,KS        ,67735-2935
05/31/2021 ,00460860     ,BARTON COUNTY COMMUNITY COLLEGE                                       ,BARTON COUNTY COMMUNITY COLLEGE - HOLTON                              ,300 W 4TH                                                              ,HOLTON                   ,KS        ,67736-1605
05/31/2021 ,00976504     ,THREE RIVERS COMMUNITY COLLEGE                                        ,THREE RIVERS COMMUNITY COLLEGE - CORRIGAN-RADGOWSKI CORRECTIONAL CENTE,986 NORWICH-NEW LONDON TURNPIKE                                        ,UNCASVILLE               ,CT        ,06382-0638
05/31/2021 ,01171909     ,UNIVERSIDAD ANA G. MÉNDEZ - GURABO CAMPUS                             ,UNIVERSIDAD ANA G. MÉNDEZ - ISABELA                                   ,AGUSTÍN RAMOS CALERO AVENUE #7349                                      ,ISABELA                  ,PR        ,00662-0807
05/29/2021 ,02237800     ,SPECS HOWARD SCHOOL OF MEDIA ARTS                                     ,SPECS HOWARD SCHOOL OF MEDIA ARTS                                     ,26700 LAHSER ROAD SUITE 100                                            ,SOUTHFIELD               ,MI        ,48033-2617
05/28/2021 ,04154901     ,NATIONAL CAREER INSTITUTE                                             ,NATIONAL CAREER INSTITUTE - JERSEY CITY BRANCH                        ,900 BERGEN AVENUE                                                      ,JERSEY CITY              ,NJ        ,07306-4300
05/24/2021 ,04148800     ,CENTERPOINT MASSAGE & SHIATSU THERAPY SCHOOL & CLINIC                 ,CENTERPOINT MASSAGE & SHIATSU THERAPY SCHOOL & CLINIC                 ,2501 WEST 84TH STREET                                                  ,BLOOMINGTON              ,MN        ,55431-0000
05/22/2021 ,00132916     ,UNIVERSITY OF THE PACIFIC                                             ,UNIVERSITY OF THE PACIFIC - BATTI/PARK DAY SCHOOL                     ,360 42ND STREET                                                        ,OAKLAND                  ,CA        ,94609-2655
05/21/2021 ,00392041     ,UNIVERSITY OF WISCONSIN - OSHKOSH                                     ,UNIVERSITY OF WISCONSIN - OSHKOSH - WINNECONNE COMMUNITY SCHOOL DISTRI,233 SOUTH THIRD STREET                                                 ,WINNECONNE               ,WI        ,54986-0000
05/21/2021 ,01109800     ,FLINT INSTITUTE OF BARBERING                                          ,FLINT INSTITUTE OF BARBERING                                          ,3214 FLUSHING ROAD                                                     ,FLINT                    ,MI        ,48504-4395
05/15/2021 ,00204302     ,HUSSON UNIVERSITY                                                     ,HUSSON UNIVERSITY - PRESQUE ISLE                                      ,33 EDGEMONT DRIVE                                                      ,PRESQUE ISLE             ,ME        ,04769-0000
05/15/2021 ,04137201     ,BORNER'S BARBER COLLEGE                                               ,BORNER'S BARBER COLLEGE - LONG BEACH                                  ,5723 ATLANTIC AVENUE                                                   ,LONG BEACH               ,CA        ,90805-4712
05/14/2021 ,00236703     ,MINNESOTA STATE UNIVERSITY MOORHEAD                                   ,MINNESOTA STATE UNIVERSITY MOORHEAD - ANOKA RAMSEY COMMUNITY COLLEGE  ,300 SOUTH SPIRIT RIVER DRIVE                                           ,CAMBRIDGE                ,MN        ,55008-5704
05/14/2021 ,00252183     ,WEBSTER UNIVERSITY                                                    ,WEBSTER UNIVERSITY - WINGHAVEN CAMPUS                                 ,2299 TECHNOLOGY DRIVE SUITE 300                                        ,O'FALLON                 ,MO        ,63368-7344
05/14/2021 ,00391150     ,VITERBO UNIVERSITY                                                    ,VITERBO UNIVERSITY - CEDAR RAPIDS                                     ,EDUC LEADERSHIP AND SUPPORT CENTER 2500 EDGEWOOD ROAD NW               ,CEDAR RAPIDS             ,IA        ,52405-0000
05/13/2021 ,01028640     ,SUNY EMPIRE STATE COLLEGE                                             ,SUNY EMPIRE STATE COLLEGE - PLATTSBURGH                               ,442 BEAUMONT HALL 101 BROAD STREET                                     ,PLATTSBURGH              ,NY        ,12901-2681
05/12/2021 ,00207712     ,JOHNS HOPKINS UNIVERSITY                                              ,JOHNS HOPKINS UNIVERSITY - MONTGOMERY COUNTY CENTER                   ,9601 MEDICAL CENTER DRIVE                                              ,ROCKVILLE                ,MD        ,20850-3332
05/12/2021 ,00207847     ,LOYOLA UNIVERSITY MARYLAND                                            ,LOYOLA UNIVERSITY MARYLAND- WASHINGTON MONTESSORI INSTITUTE           ,18501 MINK HOLLOW ROAD                                                 ,ASHTON                   ,MD        ,20861-0000
05/12/2021 ,00221102     ,SPRINGFIELD COLLEGE                                                   ,SPRINGFIELD COLLEGE - SAINT JOHNSBURY CAMPUS                          ,347 EMERSON FALLS ROAD SUITE 2                                         ,SAINT JOHNSBURY          ,VT        ,05819-9179
05/11/2021 ,82098876     ,UNIVERSITY OF PHOENIX                                                 ,UNIVERSITY OF PHOENIX - ATLANTA MAIN CAMPUS                           ,859 MOUNT VERNON HIGHWAY                                               ,ATLANTA                  ,GA        ,30328-4224
05/10/2021 ,00314402     ,XAVIER UNIVERSITY                                                     ,XAVIER UNIVERSITY - MIDDLETOWN MED                                    ,4855 STATE ROUTE 122                                                   ,FRANKLIN                 ,OH        ,45005-9648
05/10/2021 ,00355713     ,CONCORDIA UNIVERSITY TEXAS                                            ,CONCORDIA UNIVERSITY TEXAS - LUTHERAN HIGH DALLAS                     ,8494 STULTS ROAD                                                       ,DALLAS                   ,TX        ,75243-4021
05/08/2021 ,00340409     ,JOHNSON & WALES UNIVERSITY                                            ,JOHNSON & WALES UNIVERSITY - DENVER CAMPUS                            ,7150 MONTVIEW BOULEVARD                                                ,DENVER                   ,CO        ,80220-1866
05/08/2021 ,00708512     ,MOUNT VERNON NAZARENE UNIVERSITY                                      ,MOUNT VERNON NAZARENE UNIVERSITY - COLUMBUS-NEW ALBANY                ,5150 EAST DUBLIN-GRANVILLE ROAD                                        ,WESTERVILLE              ,OH        ,43081-8804
05/07/2021 ,00346304     ,DAKOTA STATE UNIVERSITY                                               ,DAKOTA STATE UNIVERSITY - MONUMENT HEALTH                             ,353 FAIRMONT BOULEVARD                                                 ,RAPID CITY               ,SD        ,57701-7375
05/04/2021 ,00340403     ,JOHNSON & WALES UNIVERSITY                                            ,JOHNSON & WALES UNIVERSITY - NORTH MIAMI CAMPUS                       ,1701 NORTHEAST 127TH STREET                                            ,NORTH MIAMI              ,FL        ,33181-2518
05/01/2021 ,02572014     ,VISTA COLLEGE                                                         ,VISTA COLLEGE - LAKE CHARLES                                          ,3129 GERSTNER MEMORIAL DRIVE                                           ,LAKE CHARLES             ,LA        ,70601-6961
04/30/2021 ,00136306     ,REGIS UNIVERSITY                                                      ,REGIS UNIVERSITY - COLORADO SPRINGS CAMPUS                            ,7450 CAMPUS DRIVE SUITE 100                                            ,COLORADO SPRINGS         ,CO        ,80920-3146
04/30/2021 ,10147935     ,EMBRY-RIDDLE AERONAUTICAL UNIVERSITY                                  ,EMBRY-RIDDLE AERONAUTICAL UNIVERSITY - HOUSTON                        ,16055 SPACE CENTER BOULEVARD SUITE 240                                 ,HOUSTON                  ,TX        ,77062-0000
04/28/2021 ,04127301     ,COLUMBIA COLLEGE                                                      ,COLUMBIA COLLEGE -                                                    ,5940 CENTREVILLE CREST LANE                                            ,CENTREVILLE              ,VA        ,20121-2342
04/23/2021 ,00238024     ,SAINT MARY'S UNIVERSITY OF MINNESOTA                                  ,SAINT MARY'S UNIVERSITY OF MINNESOTA - FALCON RIDGE MIDDLE SCHOOL     ,12900 JOHNNY CAKE RIDGE ROAD                                           ,APPLE VALLEY             ,MN        ,55124-8159
04/23/2021 ,00528304     ,TENNESSEE COLLEGE OF APPLIED TECHNOLOGY - NEWBERN                     ,TENNESSEE COLLEGE OF APPLIED TECHNOLOGY - NEWBERN - TRANSPORTATION    ,2010 BREWER ROAD                                                       ,DYERSBURG                ,TN        ,38024-0000
04/23/2021 ,00537904     ,TENNESSEE COLLEGE OF APPLIED TECHNOLOGY-SHELBYVILLE                   ,TENNESSEE COLLEGE OF APPLIED TECHNOLOGY-SHELBYVILLE - SATELLITE CAMPUS,218 WEST COMMERCE STREET                                               ,LEWISBURG                ,TN        ,37091-3338
04/23/2021 ,02254000     ,NEW ENGLAND CULINARY INSTITUTE                                        ,NEW ENGLAND CULINARY INSTITUTE                                        ,7 SCHOOL STREET                                                        ,MONTPELIER               ,VT        ,05602-3115
04/23/2021 ,50238016     ,SAINT MARY'S UNIVERSITY OF MINNESOTA                                  ,SAINT MARY'S UNIVERSITY OF MINNESOTA - POYNETTE HIGH SCHOOL           ,108 NORTH CLEVELAND STREET                                             ,POYNETTE                 ,WI        ,53955-0001
04/21/2021 ,03205400     ,JOLIE HAIR AND BEAUTY ACADEMY                                         ,JOLIE HAIR AND BEAUTY ACADEMY                                         ,44 SEWALL STREET                                                       ,LUDLOW                   ,MA        ,01056-2769
04/20/2021 ,00115321     ,CALIFORNIA STATE UNIVERSITY NORTHRIDGE                                ,CALIFORNIA STATE UNIVERSITY NORTHRIDGE - GSD                          ,223 NORTH JACKSON STREET                                               ,GLENDALE                 ,CA        ,91206-4334
04/20/2021 ,00115344     ,CALIFORNIA STATE UNIVERSITY NORTHRIDGE                                ,CALIFORNIA STATE UNIVERSITY NORTHRIDGE -  VENTURA COLLEGE             ,4667 TELEGRAPH ROAD                                                    ,VENTURA                  ,CA        ,93003-0000
04/20/2021 ,00115353     ,CALIFORNIA STATE UNIVERSITY NORTHRIDGE                                ,CALIFORNIA STATE UNIVERSITY NORTHRIDGE - LAUSD DISTRICT 5             ,2151 NORTH SOTO STREET                                                 ,LOS ANGELES              ,CA        ,90032-3629
04/20/2021 ,00115355     ,CALIFORNIA STATE UNIVERSITY NORTHRIDGE                                ,CALIFORNIA STATE UNIVERSITY NORTHRIDGE - WRIGHT MIDDLE SCHOOL         ,6550 WEST 80TH STREET                                                  ,LOS ANGELES              ,CA        ,90045-1127
04/17/2021 ,03670302     ,TIGI HAIRDRESSING ACADEMY LEGACY                                      ,TONI&GUY HAIRDRESSING ACADEMY - IDAHO                                 ,410 W NEIDER AVE SUITE B                                               ,COEUR D'ALENE            ,ID        ,83815-8381
04/12/2021 ,01028635     ,SUNY EMPIRE STATE COLLEGE                                             ,SUNY EMPIRE STATE COLLEGE - LAKEWOOD                                  ,305 E. FAIRMOUNT AVENUE SUITE 5                                        ,LAKEWOOD                 ,NY        ,14750-2000
04/02/2021 ,02575400     ,INTERNATIONAL CULINARY CENTER                                         ,INTERNATIONAL CULINARY CENTER                                         ,462 BROADWAY                                                           ,NEW YORK                 ,NY        ,10013-2618
04/01/2021 ,10147949     ,EMBRY-RIDDLE AERONAUTICAL UNIVERSITY                                  ,EMBRY-RIDDLE AERONAUTICAL UNIVERSITY - VENTURA                        ,BUILDING 17 C AVENUE                                                   ,POINT MUGU               ,CA        ,93042-0000
03/30/2021 ,00315023     ,CAMERON UNIVERSITY                                                    ,CAMERON UNIVERSITY - HARRY S. TRUMAN EDUCATION CENTER                 ,SHERIDAN ROAD BUILDING 3281                                            ,FORT SILL                ,OK        ,73502-0000
03/30/2021 ,02118000     ,LEVITTOWN BEAUTY ACADEMY                                              ,LEVITTOWN BEAUTY ACADEMY                                              ,8919 NEW FALLS ROAD                                                    ,LEVITTOWN                ,PA        ,19054-1713
03/26/2021 ,02514100     ,TAKODA INSTITUTE OF HIGHER EDUCATION                                  ,TAKODA INSTITUTE OF HIGHER EDUCATION                                  ,1845 EAST FRANKLIN AVENUE                                              ,MINNEAPOLIS              ,MN        ,55404-2221
03/25/2021 ,00576105     ,L. E. FLETCHER TECHNICAL COMMUNITY COLLEGE                            ,L. E. FLETCHER TECHNICAL COMMUNITY COLLEGE - GALLIANO FACILITY        ,318 EAST 90TH STREET                                                   ,CUT OFF                  ,LA        ,70345-3848
03/23/2021 ,00305137     ,KENT STATE UNIVERSITY                                                 ,KENT STATE UNIVERSITY - UNIVERSITY HOSPITALS                          ,11000 EUCLID AVENUE                                                    ,CLEVELAND                ,OH        ,44106-1714
03/23/2021 ,02572005     ,VISTA COLLEGE                                                         ,VISTA COLLEGE - LUBBOCK                                               ,4620 50TH STREET SUITE 14                                              ,LUBBOCK                  ,TX        ,79414-3517
03/16/2021 ,00392033     ,UNIVERSITY OF WISCONSIN - OSHKOSH                                     ,UNIVERSITY OF WISCONSIN - OSHKOSH - HOWARD-SUAMICO SCHOOL DISTRICT/BAY,2710 LINEVILLE ROAD                                                    ,GREEN BAY                ,WI        ,54313-0000
03/16/2021 ,00392048     ,UNIVERSITY OF WISCONSIN - OSHKOSH                                     ,UNIVERSITY OF WISCONSIN - OSHKOSH - WAUSAU SCHOOL DISTRICT            ,LONGFELLOW ADMINISTRATION BUILDING 415 SEYMOUR STREET                  ,WAUSAU                   ,WI        ,54402-0359
03/16/2021 ,01201551     ,AUSTIN COMMUNITY COLLEGE                                              ,AUSTIN COMMUNITY COLLEGE - PLATINUM MARINE                            ,5975 HILINE ROAD                                                       ,AUSTIN                   ,TX        ,78734-1105
03/16/2021 ,12098806     ,UNIVERSITY OF PHOENIX                                                 ,UNIVERSITY OF PHOENIX - WEST VALLEY CAMPUS (LC)                       ,9520 WEST PALM LANE                                                    ,PHOENIX                  ,AZ        ,85037-4403
03/13/2021 ,00180575     ,INDIANA INSTITUTE OF TECHNOLOGY                                       ,INDIANA INSTITUTE OF TECHNOLOGY - MUNSTER                             ,9245 CALUMET AVE SUITE 201                                             ,MUNSTER                  ,IN        ,46321-2821
03/11/2021 ,04284400     ,ALTURA COLLEGE                                                        ,ALTURA COLLEGE                                                        ,1256 SOUTHEAST BISHOP BOULEVARD SUITE L                                ,PULLMAN                  ,WA        ,99163-5842
03/11/2021 ,32098825     ,UNIVERSITY OF PHOENIX                                                 ,UNIVERSITY OF PHOENIX - SOUTH FLORIDA MAIN CAMPUS (C)                 ,2400 SW 145TH AVENUE                                                   ,MIRAMAR                  ,FL        ,33027-4145
03/10/2021 ,01186208     ,NORTHLAND PIONEER COLLEGE                                             ,NORTHLAND PIONEER COLLEGE - SPRINGERVILLE/EAGAR CENTER                ,578 NORTH MAIN STREET                                                  ,EAGAR                    ,AZ        ,85925-9998
03/06/2021 ,02495000     ,ROBERT PAUL ACADEMY OF COSMETOLOGY ARTS & SCIENCES                    ,ROBERT PAUL ACADEMY OF COSMETOLOGY ARTS & SCIENCES                    ,29 GREENMEADOW DRIVE                                                   ,TIMONIUM                 ,MD        ,21093-5150
03/02/2021 ,10315129     ,OKLAHOMA WESLEYAN UNIVERSITY                                          ,OKLAHOMA WESLEYAN UNIVERSITY - COFFEYVILLE REGIONAL MEDICAL CENTER    ,1400 WEST 4TH STREET                                                   ,COFFEYVILLE              ,KS        ,67337-3306
03/01/2021 ,00405729     ,NATIONAL AMERICAN UNIVERSITY                                          ,NATIONAL AMERICAN UNIVERSITY - GEORGETOWN                             ,1015 W. UNIVERSITY AVENUE STE 700                                      ,GEORGETOWN               ,TX        ,78628-5355
02/27/2021 ,04155800     ,ADVANCED BEAUTY COLLEGE                                               ,ADVANCED BEAUTY COLLEGE                                               ,3959 NORTH BELTLINE ROAD                                               ,IRVING                   ,TX        ,75038-5706
02/26/2021 ,02317303     ,TRICOCI UNIVERSITY OF BEAUTY CULTURE                                  ,TRICOCI UNIVERSITY OF BEAUTY CULTURE - DANVILLE                       ,2500 GEORGETOWN ROAD                                                   ,DANVILLE                 ,IL        ,61832-8427
02/25/2021 ,03422309     ,MILAN INSTITUTE                                                       ,MILAN INSTITUTE - BAKERSFIELD WEST                                    ,3115 N. SILLECT                                                        ,BAKERSFIELD              ,CA        ,93308-9301
02/16/2021 ,04131600     ,LIBERTY JUNIOR COLLEGE                                                ,LIBERTY JUNIOR COLLEGE                                                ,CARR. 735 KM 0.5                                                       ,CAYEY                    ,PR        ,00737-1298
02/08/2021 ,03120300     ,COLLEGEAMERICA - FLAGSTAFF                                            ,COLLEGEAMERICA - FLAGSTAFF                                            ,399 SOUTH MALPAIS 2ND FLOOR                                            ,FLAGSTAFF                ,AZ        ,86001-3936
02/08/2021 ,04234901     ,AMG COLLEGE                                                           ,AMG SCHOOL OF LICENSED PRACTICAL NURSING - AMG MEDICAL INSTITUTE      ,175 MARKET STREET SUITE 401                                            ,PATERSON                 ,NJ        ,07505-0000
02/05/2021 ,04192600     ,PALMETTO BEAUTY SCHOOL                                                ,PALMETTO BEAUTY SCHOOL                                                ,2601 EAST MAIN STREET SUITE 9                                          ,SPARTANBURG              ,SC        ,29307-1424
01/31/2021 ,00147974     ,EMBRY-RIDDLE AERONAUTICAL UNIVERSITY                                  ,EMBRY-RIDDLE AERONAUTICAL UNIVERSITY - MEMPHIS (MIDSOUTH) CAMPUS      ,3221 PLAYERS CLUB PARKWAY                                              ,MEMPHIS                  ,TN        ,38125-0000
01/31/2021 ,04003301     ,BLAKE AUSTIN COLLEGE                                                  ,BLAKE AUSTIN COLLEGE - BEAUTY ACADEMY                                 ,1679 EAST  MONTE VISTA AVENUE SUITE 200                                ,VACAVILLE                ,CA        ,95688-3123
01/31/2021 ,04222600     ,HEALTHCARE INSTITUTE (THE)                                            ,HEALTHCARE INSTITUTE (THE)                                            ,1822 FREDERICKSBURG ROAD                                               ,SAN ANTONIO              ,TX        ,78201-5035
01/29/2021 ,03026510     ,REMINGTON COLLEGE                                                     ,REMINGTON COLLEGE - HEATHROW                                          ,7131 BUSINESS PARK LANE                                                ,LAKE MARY                ,FL        ,32746-5615
01/21/2021 ,42098884     ,UNIVERSITY OF PHOENIX                                                 ,UNIVERSITY OF PHOENIX - UTAH CAMPUS (C)                               ,5373 SOUTH GREEN STREET                                                ,SALT LAKE CITY           ,UT        ,84123-4680
01/10/2021 ,00327722     ,INDIANA UNIVERSITY OF PENNSYLVANIA                                    ,INDIANA UNIVERSITY OF PENNSYLVANIA - INST FOR RURAL HEALTH AND SAFETY ,2712 WEST PIKE ROAD                                                    ,INDIANA                  ,PA        ,15701-9717
01/09/2021 ,03468503     ,MDT COLLEGE OF HEALTH SCIENCES                                        ,MDT COLLEGE OF HEALTH SCIENCES                                        ,325  ALPHA PARK DRIVE                                                  ,HIGHLAND HEIGHTS         ,OH        ,44143-2216
01/07/2021 ,03026520     ,REMINGTON COLLEGE                                                     ,REMINGTON COLLEGE - COLUMBIA                                          ,607 BUSH RIVER ROAD                                                    ,COLUMBIA                 ,SC        ,29210-7536
01/05/2021 ,02555401     ,UNIVERSITY OF TEXAS M.D. ANDERSON CANCER CENTER                       ,UNIVERSITY OF TEXAS MD ANDERSON CANCER CENTER - PRESBYTERIAN HOSPITAL ,8200 WALNUT HILL LANE                                                  ,DALLAS                   ,TX        ,75231-4426
01/01/2021 ,00392302     ,UNIVERSITY OF WISCONSIN - RIVER FALLS                                 ,UNIVERSITY OF WISCONSIN - RIVER FALLS - HUDSON CENTER                 ,2501 HANLEY ROAD SUITE 200                                             , HUDSON                  ,WI        ,54016-8705
01/01/2021 ,01146018     ,NATIONAL UNIVERSITY                                                   ,NATIONAL UNIVERSITY - COSTA MESA                                      ,3390 HARBOR BOULEVARD                                                  ,COSTA MESA               ,CA        ,92626-1502
01/01/2021 ,01146040     ,NATIONAL UNIVERSITY                                                   ,NATIONAL UNIVERSITY - NEVADA                                          ,2850 WEST HORIZON RIDGE PARKWAY SUITE 301                              ,HENDERSON                ,NV        ,89052-4395